tests/bridge_tests.rs	424a59bb16fc9ecf19bee98cc007a5a66296f1a7	338
namespace.rs	dc669cd8268285d4d4faacc70875b665165ffca9	194
tests/rtnetlink_tests.rs	139f0f0da2eb672e46f2148039b8b003c0ce63c6	166
tests/loopback_tests/delegate_tick.rs	d5279939f38c47c1e17c76d285649af8a7333d35	94
tests/packet_event_tests.rs	c830dfb6e2f5591e3ca22a0fb864e037a6e7437f	91
execution/step_send.rs	8623892d9e8da418c6180e27836156afeca3c6e2	85
delegate/timer.rs	81a24f65ebec50e4141a7dd23519cbcfd64bc0f5	83
delegate/runtime.rs	56ca098d7bb5aacc7b24a6028268708992268760	70
execution/step_tcp_loopback.rs	9f311bd8504e4d0603933a0aa6cfc69295628abf	69
tests/netdevice_staging_tests.rs	e1ee9d856397f0bda499d7cac9b5c7eee6dc1474	68
tests/loopback_tests/udp.rs	d7142323afc31f57e0a1187b86673e5abf485856	54
tests/icmp_tests.rs	a3d632123fa72bb9418c0470e606a671039e9ebc	53
rtnetlink.rs	e09a76480a2231145b6040f93b07ef4f2393388d	42
execution/step_socket_close.rs	4d2f05c5ca3270af3a58bbb423ac1e816e8d28cc	41
execution/step_device_tx.rs	0d6e172038759ce10ca92fc6631f30f450dc4764	41
execution/step_udp_loopback.rs	3d83a2bef548f01ef07abd1eb0b25820f3cc9e04	39
execution/step_loopback_pending.rs	2393b2dfb014e1ea959119a3da071063649c2c33	39
protocol/icmp.rs	9cf5ed6fca76a5b881af71da3ca61f232fb7c105	32
device/virtio.rs	766653d313e34c0b07fa5ef05593e3fceb07d9dd	31
execution/mod.rs	78a76355f6385f9716cf3259bf747d59eb920876	30
packet/publish.rs	d2e551aaf4edaef4297f81ad1b828089f3e19979	29
execution/step_process_network_events.rs	6f95f1011f33ff86bd77408f79636cc0b98b54d3	29
execution/step_connect.rs	1f5e331f399ca250cc7d49e6dab10662a083f544	26
mod.rs	4c0504884c5452f0f8a0fe794e549771923fad8e	25
execution/step_icmp_loopback.rs	00e27a24a9714602837d28460b7dd9ce2f9b3513	21
nfnetlink.rs	d6ac89d9dbcfbad285ee685a4304107046a4f4df	19
structure/readiness.rs	d4236a2b09b0661bd92f5e5d639cee38a24d3cd1	16
execution/step_shutdown.rs	2584f6673db8e00422bad74b3756a9cfe241894c	16
tests.rs	532a0961a968c1708b79ccefc949daf3ca055b0c	15
facade/driver.rs	86d1eb9bbd55924b51560ad0c6d022430c27167b	14
delegate/supervisor.rs	eb4a77cbc4d6438ed08ada4483222459533eec9f	14
tests/io_step_tests.rs	c1407f00a5e5b34dbc2952e093121cc570bcf3f4	13
tests/checks_bind_tests.rs	5fd0379ced5d53f35a611d1e6126cfdbbf3ff428	11
delegate/queue.rs	03e37c563f070bc3c625dd34d37d637584b06a11	11
